{
  "ci": {
    "collect": {
      "startServerCommand": "npm run preview",
      "url": [
        "http://localhost:4173/",
        "http://localhost:4173/auth"
      ],
      "numberOfRuns": 3
    },
    "assert": {
      "preset": "lighthouse:recommended",
      "assertions": {
        "categories:performance": ["error", { "minScore": 0.9 }],
        "categories:accessibility": ["error", { "minScore": 0.9 }],
        "categories:best-practices": ["error", { "minScore": 0.9 }],
        "categories:seo": ["error", { "minScore": 0.9 }]
      }
    },
    "upload": {
      "target": "temporary-public-storage"
    }
  }
}
